query	reference	windows	exact_genes	matched	median_gdiff_d	median_blastn_d
AG-430-K19	AG-905-O21	2117	1117	14	0.23769	0.24717
AG-390-C17	AG-899-C14	2354	1354	13	0.24227	0.26758938
AG-918-G22	AG-916-O06	1972	0	0		
AG-390-L03	AG-422-B23	1000	0	0		
AG-422-L15	AG-461-M14	1000	0	0		
AG-447-K11	AG-426-L23	1000	0	0		
AG-916-G03	AG-349-L17	1000	0	0		
AG-426-L23	AG-410-O02	2199	0	0		
AG-909-N22	AG-422-J20	2034	0	0		
AG-390-A23	AG-891-E06	1000	0	0		
AG-911-G03	AG-911-N14	2226	1226	118	0.20271	0.20923
AG-422-G15	AG-913-I22	1000	0	0		
AG-470-D16	AG-912-I02	2036	1036	117	0.18969	0.2084
AG-913-O18	AG-903-F09	2134	0	0		
AG-896-G07	AG-325-L02	2099	0	0		
AG-390-I15	AG-439-C22	2184	1184	112	0.19047	0.19561
AG-422-F15	AG-422-L15	2042	1042	127	0.19007	0.19309
AG-920-J04	AG-907-F09	2264	0	0		
AG-422-N14	AG-916-E19	2127	1127	135	0.1892	0.2
AG-461-L09	AG-911-D18	2300	1300	136	0.19411	0.20233
AG-343-K02	AG-422-G15	1997	997	113	0.18758	0.19667
AG-891-I18	AG-414-K15	2084	0	0		
AG-337-G04	AG-918-G15	1000	0	0		
AG-898-C07	AG-325-L05	2116	0	0		
AG-470-O10	AG-892-O03	2184	1184	157	0.18089	0.18399
AG-917-C11	AG-359-G22	2039	0	0		
AG-895-F17	AG-909-G08	2262	1262	190	0.18105	0.18605
AG-337-D17	AG-447-C06	2128	1128	203	0.17128	0.1697
AG-349-O13	AH-321-K15	1996	996	239	0.16853	0.1696
AG-390-G11	AG-461-M14	1000	0	0		
AG-430-E20	AG-390-D18	1000	0	0		
AG-905-P05	AG-908-I10	2245	1245	270	0.16772	0.16792
AG-359-I09	AH-321-G15	2010	1010	234	0.16495	0.16369
AG-897-G15	AG-422-C13	2100	0	0		
AG-916-P21	AG-349-O05	1000	0	0		
AG-410-K05	AH-287-E08	2166	1166	302	0.15915	0.15867
AG-891-A05	AG-390-G11	1000	0	0		
AG-911-D18	AG-333-A04	2375	0	0		
AG-897-O11	AG-893-L06	1000	0	0		
AG-911-G16	AG-461-B13	2131	0	0		
AG-390-A23	AG-917-C11	1000	0	0		
AG-913-M07	AG-915-C06	2530	1530	443	0.10418	0.10744
AG-918-M15	AG-337-E15	2068	0	0		
AG-325-K03	AG-905-E11	2105	1105	573	0.1356	0.13415
AG-426-E17	AG-918-E06	1000	0	0		
AG-898-F23	AG-414-K15	2084	0	0		
AG-918-B06	AG-918-P10	2175	1175	536	0.13418	0.1318
AG-918-B06	AG-426-F11	1000	0	0		
AG-898-G21	AG-470-G21	1000	0	0		
AG-422-E09	AH-287-E09	2199	1199	567	0.1211	0.11747
AG-891-O15	AG-910-G11	2102	1102	467	0.10249	0.10334
AG-915-G14	AG-470-G21	1000	0	0		
AG-447-O14	AH-287-B07	2175	1175	675	0.10857	0.10833
AG-911-G16	AG-439-D05	2239	0	0		
AG-899-J02	AG-916-M06	2285	1285	631	0.064059	0.06515
AG-903-D02	AG-911-D18	1000	0	0		
AG-918-L21	AG-430-O11	2047	0	0		
AG-349-L17	AG-894-P23	1000	0	0		
AG-915-G13	AG-905-O08	2259	0	0		
AG-910-M23	AG-893-J08	1000	0	0		
AG-896-D15	AG-911-K05	2101	1101	661	0.063194	0.06379
AG-893-L06	AG-916-M06	1000	0	0		
AG-910-M23	AG-916-E19	2077	1077	659	0.049601	0.05164
AG-453-K22	AG-430-F16	1000	0	0		
AG-337-C14	AG-900-G22	2171	1171	787	0.066895	0.06977
AG-913-M07	AG-893-F05	2487	0	0		
AG-910-E21	AG-359-O11	2175	0	0		
AG-893-J08	AG-899-G03	1000	0	0		
AG-900-I19	AG-915-G14	2240	1240	1001	0.03974	0.04019
AG-896-G07	AG-899-G03	2289	1289	685	0.0402	0.04185
AG-917-M17	AG-919-N08	2159	1159	883	0.033558	0.03438
AG-422-N09	AG-896-A02	1000	0	0		
AG-915-K13	AG-917-I17	2322	1322	952	0.025145	0.02682
AG-919-L14	AG-903-F09	2134	0	0		
AG-911-G03	AG-912-F16	2226	1226	921	0.022811	0.025
AG-905-A10	AG-917-M22	2041	1041	747	0.023176	0.02474
AG-915-K13	AG-359-C09	2185	0	0		
AG-915-E06	AG-917-P07	2096	1096	858	0.020699	0.0223
AG-911-B04	AG-917-I17	1967	967	747	0.02272	0.02454
AG-414-L09	AG-903-K22	2068	1068	762	0.020202	0.02222
AG-903-K22	AG-917-C08	1000	0	0		
AG-414-O11	AG-920-O11	1000	0	0		
AG-911-I16	AG-894-I07	2116	0	0		
AG-414-L09	AG-414-O11	2068	1068	693	0.017986	0.01928
AG-911-B04	AG-920-K11	1967	967	666	0.019959	0.02198
AG-920-O11	AG-912-F16	2211	0	0		
AG-426-E17	AG-916-A21	1000	0	0		
AG-913-A04	AG-917-P07	2154	1154	867	0.015636	0.01718
AG-903-K22	AG-916-M15	1000	0	0		
AG-899-C09	AG-916-M14	2284	1284	1181	0.0093073	0.00946
AG-918-L21	AG-903-K22	1000	0	0		
AG-414-O11	AG-917-P07	1000	0	0		
AG-917-P07	AG-917-C08	2295	0	0		
AG-920-K11	AG-916-M15	2199	0	0		
AG-916-B06	AG-897-G09	2347	0	0		
AG-359-E10	AG-916-M15	2118	1118	894	0.010881	0.0116
AG-359-E10	AG-903-K22	2118	1118	862	0.011231	0.01178
AG-359-E10	AG-920-K11	2118	1118	793	0.0098217	0.00991
AG-903-D02	AG-912-F16	1000	0	0		
AG-905-A10	AG-430-E20	1000	0	0		
AG-905-A10	AG-903-D02	1000	0	0		
AG-899-P08	AG-916-E15	2261	1261	969	0.0069061	0.00694
AG-453-B23	AG-390-N04	2325	0	0		
AG-904-K03	AG-426-F11	1000	0	0		
AG-918-E02	AG-913-G10	2134	0	0		
AG-426-F11	AG-910-J22	1000	0	0		
AG-390-M07	AG-349-E20	1943	0	0		
AG-913-I23	AG-901-D23	2282	0	0		
AG-893-E23	AG-891-G05	2333	0	0		
AG-907-B04	AG-893-E21	2366	0	0		
AG-914-L03	AG-898-J19	2166	0	0		
AG-893-K11	AG-894-A06	2287	1287	1163	4.7832e-08	0.0
AG-893-N07	AG-359-J18	2184	0	0		
AG-892-K05	AG-912-C08	2089	1089	987	4.7832e-08	0.0
AG-426-O21	AG-430-F05	2234	1234	1072	4.7832e-08	0.0
AG-917-C11	AG-917-P07	1000	0	0		
AG-893-L07	AG-904-K03	2352	1352	1291	4.7832e-08	0.0
AG-903-C11	AG-894-B06	2285	0	0		
AG-894-M23	AG-899-N21	1000	0	0		
AG-899-N21	AG-894-M23	1000	0	0		
AG-893-E15	AG-899-N21	1000	0	0		
AG-899-N21	AG-893-E15	1000	0	0		
