genome	role	contig	contig_len	n_contigs	gene	gene_start	gene_end	gene_len	strand	mapped	mapped_pairs	mapped_as_query	mapped_as_reference	mapped_refs
AG-918-E06	reference	AG-918-E06_NODE_1	99429	41	AG-918-E06_00004	1565	3334	1770	-	1	1	0	1	1
AG-918-E06	reference	AG-918-E06_NODE_1	99429	41	AG-918-E06_00008	9043	10278	1236	-	1	1	0	1	1
AG-918-E06	reference	AG-918-E06_NODE_1	99429	41	AG-918-E06_00010	11462	12118	657	-	1	1	0	1	1
AG-918-E06	reference	AG-918-E06_NODE_1	99429	41	AG-918-E06_00012	12705	14141	1437	+	1	1	0	1	1
AG-918-E06	reference	AG-918-E06_NODE_1	99429	41	AG-918-E06_00013	14141	14875	735	+	1	1	0	1	1
AG-918-E06	reference	AG-918-E06_NODE_1	99429	41	AG-918-E06_00014	14876	16123	1248	+	1	1	0	1	1
AG-918-E06	reference	AG-918-E06_NODE_1	99429	41	AG-918-E06_00015	16120	17334	1215	+	1	1	0	1	1
AG-918-E06	reference	AG-918-E06_NODE_1	99429	41	AG-918-E06_00016	17337	17807	471	+	1	1	0	1	1
AG-918-E06	reference	AG-918-E06_NODE_1	99429	41	AG-918-E06_00017	17810	18109	300	+	1	1	0	1	1
AG-918-E06	reference	AG-918-E06_NODE_1	99429	41	AG-918-E06_00018	18106	18435	330	+	1	1	0	1	1
AG-918-E06	reference	AG-918-E06_NODE_1	99429	41	AG-918-E06_00019	18441	19847	1407	-	1	1	0	1	1
AG-918-E06	reference	AG-918-E06_NODE_1	99429	41	AG-918-E06_00020	19987	20469	483	+	1	1	0	1	1
AG-918-E06	reference	AG-918-E06_NODE_1	99429	41	AG-918-E06_00021	20466	21359	894	+	1	1	0	1	1
AG-918-E06	reference	AG-918-E06_NODE_1	99429	41	AG-918-E06_00022	21425	22279	855	+	1	1	0	1	1
AG-918-E06	reference	AG-918-E06_NODE_1	99429	41	AG-918-E06_00023	22383	24083	1701	+	1	1	0	1	1
AG-918-E06	reference	AG-918-E06_NODE_1	99429	41	AG-918-E06_00024	24101	24484	384	+	1	1	0	1	1
AG-918-E06	reference	AG-918-E06_NODE_1	99429	41	AG-918-E06_00026	24895	26352	1458	+	1	1	0	1	1
AG-918-E06	reference	AG-918-E06_NODE_1	99429	41	AG-918-E06_00028	26497	27204	708	+	1	1	0	1	1
AG-918-E06	reference	AG-918-E06_NODE_1	99429	41	AG-918-E06_00029	27232	28251	1020	+	1	1	0	1	1
AG-918-E06	reference	AG-918-E06_NODE_1	99429	41	AG-918-E06_00030	28254	28883	630	-	1	1	0	1	1
AG-918-E06	reference	AG-918-E06_NODE_1	99429	41	AG-918-E06_00031	28900	30000	1101	-	1	1	0	1	1
AG-918-E06	reference	AG-918-E06_NODE_1	99429	41	AG-918-E06_00041	34973	35194	222	-	1	1	0	1	1
AG-918-E06	reference	AG-918-E06_NODE_1	99429	41	AG-918-E06_00044	36066	36353	288	-	1	1	0	1	1
AG-918-E06	reference	AG-918-E06_NODE_1	99429	41	AG-918-E06_00045	36369	36650	282	-	1	1	0	1	1
AG-918-E06	reference	AG-918-E06_NODE_1	99429	41	AG-918-E06_00046	36731	37732	1002	-	1	1	0	1	1
AG-918-E06	reference	AG-918-E06_NODE_1	99429	41	AG-918-E06_00047	37733	38314	582	-	1	1	0	1	1
AG-918-E06	reference	AG-918-E06_NODE_1	99429	41	AG-918-E06_00048	38330	39028	699	-	1	1	0	1	1
AG-918-E06	reference	AG-918-E06_NODE_1	99429	41	AG-918-E06_00049	39104	39766	663	+	1	1	0	1	1
AG-918-E06	reference	AG-918-E06_NODE_1	99429	41	AG-918-E06_00050	39834	40421	588	+	1	1	0	1	1
AG-918-E06	reference	AG-918-E06_NODE_1	99429	41	AG-918-E06_00052	41105	41767	663	+	1	1	0	1	1
AG-918-E06	reference	AG-918-E06_NODE_1	99429	41	AG-918-E06_00053	41810	43912	2103	+	1	1	0	1	1
AG-918-E06	reference	AG-918-E06_NODE_1	99429	41	AG-918-E06_00055	44538	45827	1290	-	1	1	0	1	1
AG-918-E06	reference	AG-918-E06_NODE_1	99429	41	AG-918-E06_00056	45852	46763	912	-	1	1	0	1	1
AG-918-E06	reference	AG-918-E06_NODE_1	99429	41	AG-918-E06_00057	46753	47763	1011	-	1	1	0	1	1
AG-918-E06	reference	AG-918-E06_NODE_1	99429	41	AG-918-E06_00061	50103	51164	1062	-	1	1	0	1	1
AG-918-E06	reference	AG-918-E06_NODE_1	99429	41	AG-918-E06_00062	51146	53071	1926	-	1	1	0	1	1
AG-918-E06	reference	AG-918-E06_NODE_1	99429	41	AG-918-E06_00063	53071	53868	798	-	1	1	0	1	1
AG-918-E06	reference	AG-918-E06_NODE_1	99429	41	AG-918-E06_00064	53955	54896	942	-	1	1	0	1	1
AG-918-E06	reference	AG-918-E06_NODE_1	99429	41	AG-918-E06_00065	55078	56418	1341	+	1	1	0	1	1
AG-918-E06	reference	AG-918-E06_NODE_1	99429	41	AG-918-E06_00066	56427	57545	1119	+	1	1	0	1	1
AG-918-E06	reference	AG-918-E06_NODE_1	99429	41	AG-918-E06_00070	59370	61811	2442	+	1	1	0	1	1
AG-918-E06	reference	AG-918-E06_NODE_1	99429	41	AG-918-E06_00079	66895	67398	504	-	1	1	0	1	1
AG-918-E06	reference	AG-918-E06_NODE_1	99429	41	AG-918-E06_00080	67483	67881	399	+	1	1	0	1	1
AG-918-E06	reference	AG-918-E06_NODE_1	99429	41	AG-918-E06_00090	75673	76743	1071	+	1	1	0	1	1
AG-918-E06	reference	AG-918-E06_NODE_1	99429	41	AG-918-E06_00091	76740	77387	648	+	1	1	0	1	1
AG-918-E06	reference	AG-918-E06_NODE_1	99429	41	AG-918-E06_00092	77393	78433	1041	+	1	1	0	1	1
AG-918-E06	reference	AG-918-E06_NODE_1	99429	41	AG-918-E06_00093	78490	79317	828	+	1	1	0	1	1
AG-918-E06	reference	AG-918-E06_NODE_1	99429	41	AG-918-E06_00094	79361	80053	693	+	1	1	0	1	1
AG-918-E06	reference	AG-918-E06_NODE_1	99429	41	AG-918-E06_00095	80053	80727	675	+	1	1	0	1	1
AG-918-E06	reference	AG-918-E06_NODE_1	99429	41	AG-918-E06_00097	81619	82008	390	-	1	1	0	1	1
AG-918-E06	reference	AG-918-E06_NODE_1	99429	41	AG-918-E06_00098	82041	82973	933	+	1	1	0	1	1
AG-918-E06	reference	AG-918-E06_NODE_1	99429	41	AG-918-E06_00099	82968	84053	1086	-	1	1	0	1	1
AG-918-E06	reference	AG-918-E06_NODE_1	99429	41	AG-918-E06_00100	84050	84607	558	-	1	1	0	1	1
AG-918-E06	reference	AG-918-E06_NODE_1	99429	41	AG-918-E06_00101	84628	85140	513	+	1	1	0	1	1
AG-918-E06	reference	AG-918-E06_NODE_1	99429	41	AG-918-E06_00103	85587	86186	600	-	1	1	0	1	1
AG-918-E06	reference	AG-918-E06_NODE_1	99429	41	AG-918-E06_00104	86193	87062	870	-	1	1	0	1	1
AG-918-E06	reference	AG-918-E06_NODE_1	99429	41	AG-918-E06_00105	87071	88276	1206	+	1	1	0	1	1
AG-918-E06	reference	AG-918-E06_NODE_1	99429	41	AG-918-E06_00106	88319	88846	528	+	1	1	0	1	1
AG-918-E06	reference	AG-918-E06_NODE_1	99429	41	AG-918-E06_00107	88886	89515	630	+	1	1	0	1	1
AG-918-E06	reference	AG-918-E06_NODE_1	99429	41	AG-918-E06_00108	89512	90657	1146	-	1	1	0	1	1
AG-918-E06	reference	AG-918-E06_NODE_1	99429	41	AG-918-E06_00109	90750	91760	1011	+	1	1	0	1	1
AG-918-E06	reference	AG-918-E06_NODE_1	99429	41	AG-918-E06_00110	91807	92304	498	+	1	1	0	1	1
AG-918-E06	reference	AG-918-E06_NODE_1	99429	41	AG-918-E06_00111	92304	93635	1332	+	1	1	0	1	1
AG-918-E06	reference	AG-918-E06_NODE_1	99429	41	AG-918-E06_00112	93673	94629	957	+	1	1	0	1	1
AG-918-E06	reference	AG-918-E06_NODE_1	99429	41	AG-918-E06_00113	94629	95465	837	+	1	1	0	1	1
AG-918-E06	reference	AG-918-E06_NODE_1	99429	41	AG-918-E06_00114	95480	96313	834	+	1	1	0	1	1
AG-918-E06	reference	AG-918-E06_NODE_1	99429	41	AG-918-E06_00115	96310	97758	1449	-	1	1	0	1	1
AG-918-E06	reference	AG-918-E06_NODE_10	42541	41	AG-918-E06_00712	1015	3084	2070	-	1	1	0	1	1
AG-918-E06	reference	AG-918-E06_NODE_10	42541	41	AG-918-E06_00713	3092	3964	873	-	1	1	0	1	1
AG-918-E06	reference	AG-918-E06_NODE_10	42541	41	AG-918-E06_00714	3954	4760	807	-	1	1	0	1	1
AG-918-E06	reference	AG-918-E06_NODE_10	42541	41	AG-918-E06_00715	4871	5884	1014	+	1	1	0	1	1
AG-918-E06	reference	AG-918-E06_NODE_10	42541	41	AG-918-E06_00716	5881	6504	624	-	1	1	0	1	1
AG-918-E06	reference	AG-918-E06_NODE_10	42541	41	AG-918-E06_00717	6537	7622	1086	+	1	1	0	1	1
AG-918-E06	reference	AG-918-E06_NODE_10	42541	41	AG-918-E06_00718	7619	9526	1908	-	1	1	0	1	1
AG-918-E06	reference	AG-918-E06_NODE_10	42541	41	AG-918-E06_00719	9523	10389	867	-	1	1	0	1	1
AG-918-E06	reference	AG-918-E06_NODE_10	42541	41	AG-918-E06_00720	10370	10618	249	-	1	1	0	1	1
AG-918-E06	reference	AG-918-E06_NODE_10	42541	41	AG-918-E06_00721	10638	11573	936	+	1	1	0	1	1
AG-918-E06	reference	AG-918-E06_NODE_10	42541	41	AG-918-E06_00722	11570	12304	735	+	1	1	0	1	1
AG-918-E06	reference	AG-918-E06_NODE_10	42541	41	AG-918-E06_00723	12294	13085	792	+	1	1	0	1	1
AG-918-E06	reference	AG-918-E06_NODE_10	42541	41	AG-918-E06_00725	13190	14161	972	+	1	1	0	1	1
AG-918-E06	reference	AG-918-E06_NODE_10	42541	41	AG-918-E06_00726	14211	15101	891	+	1	1	0	1	1
AG-918-E06	reference	AG-918-E06_NODE_10	42541	41	AG-918-E06_00727	15098	16390	1293	-	1	1	0	1	1
AG-918-E06	reference	AG-918-E06_NODE_10	42541	41	AG-918-E06_00728	16387	17172	786	-	1	1	0	1	1
AG-918-E06	reference	AG-918-E06_NODE_10	42541	41	AG-918-E06_00729	17198	18529	1332	-	1	1	0	1	1
AG-918-E06	reference	AG-918-E06_NODE_10	42541	41	AG-918-E06_00730	18531	19577	1047	-	1	1	0	1	1
AG-918-E06	reference	AG-918-E06_NODE_10	42541	41	AG-918-E06_00731	19583	21478	1896	-	1	1	0	1	1
AG-918-E06	reference	AG-918-E06_NODE_10	42541	41	AG-918-E06_00733	22555	23514	960	-	1	1	0	1	1
AG-918-E06	reference	AG-918-E06_NODE_10	42541	41	AG-918-E06_00735	24166	25515	1350	-	1	1	0	1	1
AG-918-E06	reference	AG-918-E06_NODE_10	42541	41	AG-918-E06_00736	25512	26357	846	-	1	1	0	1	1
AG-918-E06	reference	AG-918-E06_NODE_10	42541	41	AG-918-E06_00738	26775	27449	675	-	1	1	0	1	1
AG-918-E06	reference	AG-918-E06_NODE_10	42541	41	AG-918-E06_00739	27488	27976	489	-	1	1	0	1	1
AG-918-E06	reference	AG-918-E06_NODE_10	42541	41	AG-918-E06_00740	27980	28702	723	-	1	1	0	1	1
AG-918-E06	reference	AG-918-E06_NODE_10	42541	41	AG-918-E06_00743	30058	30495	438	-	1	1	0	1	1
AG-918-E06	reference	AG-918-E06_NODE_10	42541	41	AG-918-E06_00744	30483	30806	324	-	1	1	0	1	1
AG-918-E06	reference	AG-918-E06_NODE_10	42541	41	AG-918-E06_00745	30858	32798	1941	+	1	1	0	1	1
AG-918-E06	reference	AG-918-E06_NODE_10	42541	41	AG-918-E06_00746	32795	33796	1002	+	1	1	0	1	1
AG-918-E06	reference	AG-918-E06_NODE_10	42541	41	AG-918-E06_00747	33796	34974	1179	+	1	1	0	1	1
AG-918-E06	reference	AG-918-E06_NODE_10	42541	41	AG-918-E06_00758	41175	41477	303	-	1	1	0	1	1
AG-918-E06	reference	AG-918-E06_NODE_11	40814	41	AG-918-E06_00760	122	1903	1782	-	1	1	0	1	1
AG-918-E06	reference	AG-918-E06_NODE_11	40814	41	AG-918-E06_00761	1976	2272	297	+	1	1	0	1	1
AG-918-E06	reference	AG-918-E06_NODE_11	40814	41	AG-918-E06_00762	2266	3441	1176	+	1	1	0	1	1
AG-918-E06	reference	AG-918-E06_NODE_11	40814	41	AG-918-E06_00763	3444	4538	1095	-	1	1	0	1	1
AG-918-E06	reference	AG-918-E06_NODE_11	40814	41	AG-918-E06_00764	4776	5126	351	-	1	1	0	1	1
AG-918-E06	reference	AG-918-E06_NODE_11	40814	41	AG-918-E06_00765	5145	7004	1860	-	1	1	0	1	1
AG-918-E06	reference	AG-918-E06_NODE_11	40814	41	AG-918-E06_00766	7004	7474	471	-	1	1	0	1	1
AG-918-E06	reference	AG-918-E06_NODE_11	40814	41	AG-918-E06_00767	7506	8294	789	-	1	1	0	1	1
AG-918-E06	reference	AG-918-E06_NODE_11	40814	41	AG-918-E06_00793	29211	30824	1614	-	1	1	0	1	1
AG-918-E06	reference	AG-918-E06_NODE_11	40814	41	AG-918-E06_00794	30904	31074	171	-	1	1	0	1	1
AG-918-E06	reference	AG-918-E06_NODE_11	40814	41	AG-918-E06_00795	31076	32101	1026	-	1	1	0	1	1
AG-918-E06	reference	AG-918-E06_NODE_11	40814	41	AG-918-E06_00796	32223	33113	891	-	1	1	0	1	1
AG-918-E06	reference	AG-918-E06_NODE_11	40814	41	AG-918-E06_00797	33113	34114	1002	-	1	1	0	1	1
AG-918-E06	reference	AG-918-E06_NODE_11	40814	41	AG-918-E06_00798	34134	34745	612	-	1	1	0	1	1
AG-918-E06	reference	AG-918-E06_NODE_11	40814	41	AG-918-E06_00802	36279	37898	1620	-	1	1	0	1	1
AG-918-E06	reference	AG-918-E06_NODE_11	40814	41	AG-918-E06_00803	37902	38855	954	-	1	1	0	1	1
AG-918-E06	reference	AG-918-E06_NODE_11	40814	41	AG-918-E06_00804	38855	39604	750	-	1	1	0	1	1
AG-918-E06	reference	AG-918-E06_NODE_11	40814	41	AG-918-E06_00805	39604	40749	1146	-	1	1	0	1	1
AG-918-E06	reference	AG-918-E06_NODE_12	39796	41	AG-918-E06_00809	1463	2917	1455	-	1	1	0	1	1
AG-918-E06	reference	AG-918-E06_NODE_12	39796	41	AG-918-E06_00813	5169	7541	2373	+	1	1	0	1	1
AG-918-E06	reference	AG-918-E06_NODE_12	39796	41	AG-918-E06_00824	13976	15394	1419	+	1	1	0	1	1
AG-918-E06	reference	AG-918-E06_NODE_12	39796	41	AG-918-E06_00825	15420	17825	2406	+	1	1	0	1	1
AG-918-E06	reference	AG-918-E06_NODE_12	39796	41	AG-918-E06_00826	17818	18363	546	+	1	1	0	1	1
AG-918-E06	reference	AG-918-E06_NODE_12	39796	41	AG-918-E06_00827	18317	19798	1482	+	1	1	0	1	1
AG-918-E06	reference	AG-918-E06_NODE_12	39796	41	AG-918-E06_00828	19802	20359	558	+	1	1	0	1	1
AG-918-E06	reference	AG-918-E06_NODE_12	39796	41	AG-918-E06_00829	20307	22310	2004	+	1	1	0	1	1
AG-918-E06	reference	AG-918-E06_NODE_12	39796	41	AG-918-E06_00830	22294	23154	861	+	1	1	0	1	1
AG-918-E06	reference	AG-918-E06_NODE_12	39796	41	AG-918-E06_00831	23213	24580	1368	+	1	1	0	1	1
AG-918-E06	reference	AG-918-E06_NODE_12	39796	41	AG-918-E06_00836	27970	28443	474	+	1	1	0	1	1
AG-918-E06	reference	AG-918-E06_NODE_12	39796	41	AG-918-E06_00837	28508	29707	1200	+	1	1	0	1	1
AG-918-E06	reference	AG-918-E06_NODE_12	39796	41	AG-918-E06_00839	30570	31673	1104	-	1	1	0	1	1
AG-918-E06	reference	AG-918-E06_NODE_12	39796	41	AG-918-E06_00840	31675	32139	465	-	1	1	0	1	1
AG-918-E06	reference	AG-918-E06_NODE_12	39796	41	AG-918-E06_00841	32164	32922	759	+	1	1	0	1	1
AG-918-E06	reference	AG-918-E06_NODE_12	39796	41	AG-918-E06_00842	32919	33452	534	-	1	1	0	1	1
AG-918-E06	reference	AG-918-E06_NODE_12	39796	41	AG-918-E06_00843	33454	34629	1176	-	1	1	0	1	1
AG-918-E06	reference	AG-918-E06_NODE_12	39796	41	AG-918-E06_00844	34629	35396	768	-	1	1	0	1	1
AG-918-E06	reference	AG-918-E06_NODE_12	39796	41	AG-918-E06_00845	35389	36624	1236	-	1	1	0	1	1
AG-918-E06	reference	AG-918-E06_NODE_12	39796	41	AG-918-E06_00847	39500	39790	291	-	1	1	0	1	1
AG-918-E06	reference	AG-918-E06_NODE_13	33638	41	AG-918-E06_00854	5211	6536	1326	+	1	1	0	1	1
AG-918-E06	reference	AG-918-E06_NODE_13	33638	41	AG-918-E06_00862	9929	10369	441	-	1	1	0	1	1
AG-918-E06	reference	AG-918-E06_NODE_13	33638	41	AG-918-E06_00864	10888	12993	2106	-	1	1	0	1	1
AG-918-E06	reference	AG-918-E06_NODE_13	33638	41	AG-918-E06_00868	14809	15909	1101	-	1	1	0	1	1
AG-918-E06	reference	AG-918-E06_NODE_13	33638	41	AG-918-E06_00871	17552	18010	459	-	1	1	0	1	1
AG-918-E06	reference	AG-918-E06_NODE_13	33638	41	AG-918-E06_00872	18018	19328	1311	-	1	1	0	1	1
AG-918-E06	reference	AG-918-E06_NODE_13	33638	41	AG-918-E06_00874	19760	20350	591	-	1	1	0	1	1
AG-918-E06	reference	AG-918-E06_NODE_13	33638	41	AG-918-E06_00878	22759	23487	729	-	1	1	0	1	1
AG-918-E06	reference	AG-918-E06_NODE_13	33638	41	AG-918-E06_00882	25123	26883	1761	-	1	1	0	1	1
AG-918-E06	reference	AG-918-E06_NODE_13	33638	41	AG-918-E06_00886	28785	31013	2229	+	1	1	0	1	1
AG-918-E06	reference	AG-918-E06_NODE_13	33638	41	AG-918-E06_00889	31859	33112	1254	+	1	1	0	1	1
AG-918-E06	reference	AG-918-E06_NODE_13	33638	41	AG-918-E06_00890	33112	33387	276	+	1	1	0	1	1
AG-918-E06	reference	AG-918-E06_NODE_14	21536	41	AG-918-E06_00891	422	1756	1335	-	1	1	0	1	1
AG-918-E06	reference	AG-918-E06_NODE_14	21536	41	AG-918-E06_00893	2072	2281	210	-	1	1	0	1	1
AG-918-E06	reference	AG-918-E06_NODE_14	21536	41	AG-918-E06_00898	4364	5632	1269	-	1	1	0	1	1
AG-918-E06	reference	AG-918-E06_NODE_14	21536	41	AG-918-E06_00899	5633	6184	552	-	1	1	0	1	1
AG-918-E06	reference	AG-918-E06_NODE_14	21536	41	AG-918-E06_00905	8172	9848	1677	+	1	1	0	1	1
AG-918-E06	reference	AG-918-E06_NODE_14	21536	41	AG-918-E06_00907	10694	11386	693	+	1	1	0	1	1
AG-918-E06	reference	AG-918-E06_NODE_14	21536	41	AG-918-E06_00908	11390	12217	828	+	1	1	0	1	1
AG-918-E06	reference	AG-918-E06_NODE_14	21536	41	AG-918-E06_00909	12220	13377	1158	+	1	1	0	1	1
AG-918-E06	reference	AG-918-E06_NODE_14	21536	41	AG-918-E06_00910	13374	14297	924	+	1	1	0	1	1
AG-918-E06	reference	AG-918-E06_NODE_14	21536	41	AG-918-E06_00911	14344	14838	495	+	1	1	0	1	1
AG-918-E06	reference	AG-918-E06_NODE_14	21536	41	AG-918-E06_00913	15309	16619	1311	+	1	1	0	1	1
AG-918-E06	reference	AG-918-E06_NODE_14	21536	41	AG-918-E06_00914	16654	17184	531	-	1	1	0	1	1
AG-918-E06	reference	AG-918-E06_NODE_14	21536	41	AG-918-E06_00915	17236	17862	627	-	1	1	0	1	1
AG-918-E06	reference	AG-918-E06_NODE_14	21536	41	AG-918-E06_00916	17855	18736	882	-	1	1	0	1	1
AG-918-E06	reference	AG-918-E06_NODE_14	21536	41	AG-918-E06_00917	18781	19227	447	+	1	1	0	1	1
AG-918-E06	reference	AG-918-E06_NODE_14	21536	41	AG-918-E06_00918	19224	20048	825	+	1	1	0	1	1
AG-918-E06	reference	AG-918-E06_NODE_14	21536	41	AG-918-E06_00919	20045	20908	864	+	1	1	0	1	1
AG-918-E06	reference	AG-918-E06_NODE_15	21305	41	AG-918-E06_00921	2375	3499	1125	-	1	1	0	1	1
AG-918-E06	reference	AG-918-E06_NODE_15	21305	41	AG-918-E06_00927	6175	7476	1302	-	1	1	0	1	1
AG-918-E06	reference	AG-918-E06_NODE_15	21305	41	AG-918-E06_00929	8398	8769	372	-	1	1	0	1	1
AG-918-E06	reference	AG-918-E06_NODE_15	21305	41	AG-918-E06_00930	8772	9140	369	-	1	1	0	1	1
AG-918-E06	reference	AG-918-E06_NODE_15	21305	41	AG-918-E06_00931	9308	9703	396	+	1	1	0	1	1
AG-918-E06	reference	AG-918-E06_NODE_15	21305	41	AG-918-E06_00932	9681	10961	1281	+	1	1	0	1	1
AG-918-E06	reference	AG-918-E06_NODE_15	21305	41	AG-918-E06_00933	10978	13128	2151	-	1	1	0	1	1
AG-918-E06	reference	AG-918-E06_NODE_15	21305	41	AG-918-E06_00936	14135	15457	1323	-	1	1	0	1	1
AG-918-E06	reference	AG-918-E06_NODE_15	21305	41	AG-918-E06_00941	17986	18750	765	-	1	1	0	1	1
AG-918-E06	reference	AG-918-E06_NODE_15	21305	41	AG-918-E06_00942	18967	20859	1893	+	1	1	0	1	1
AG-918-E06	reference	AG-918-E06_NODE_16	21062	41	AG-918-E06_00949	6295	7293	999	-	1	1	0	1	1
AG-918-E06	reference	AG-918-E06_NODE_16	21062	41	AG-918-E06_00951	9303	10646	1344	-	1	1	0	1	1
AG-918-E06	reference	AG-918-E06_NODE_16	21062	41	AG-918-E06_00953	11244	12419	1176	-	1	1	0	1	1
AG-918-E06	reference	AG-918-E06_NODE_16	21062	41	AG-918-E06_00954	12412	13005	594	-	1	1	0	1	1
AG-918-E06	reference	AG-918-E06_NODE_17	14152	41	AG-918-E06_00966	38	982	945	+	1	1	0	1	1
AG-918-E06	reference	AG-918-E06_NODE_17	14152	41	AG-918-E06_00970	7105	8124	1020	-	1	1	0	1	1
AG-918-E06	reference	AG-918-E06_NODE_17	14152	41	AG-918-E06_00973	9522	10535	1014	-	1	1	0	1	1
AG-918-E06	reference	AG-918-E06_NODE_17	14152	41	AG-918-E06_00974	10559	12961	2403	-	1	1	0	1	1
AG-918-E06	reference	AG-918-E06_NODE_17	14152	41	AG-918-E06_00975	12973	14004	1032	-	1	1	0	1	1
AG-918-E06	reference	AG-918-E06_NODE_18	10754	41	AG-918-E06_00976	253	954	702	+	1	1	0	1	1
AG-918-E06	reference	AG-918-E06_NODE_18	10754	41	AG-918-E06_00977	959	2098	1140	-	1	1	0	1	1
AG-918-E06	reference	AG-918-E06_NODE_18	10754	41	AG-918-E06_00978	2237	3121	885	-	1	1	0	1	1
AG-918-E06	reference	AG-918-E06_NODE_18	10754	41	AG-918-E06_00979	3172	4128	957	+	1	1	0	1	1
AG-918-E06	reference	AG-918-E06_NODE_18	10754	41	AG-918-E06_00980	4120	4626	507	-	1	1	0	1	1
AG-918-E06	reference	AG-918-E06_NODE_18	10754	41	AG-918-E06_00981	4640	6721	2082	+	1	1	0	1	1
AG-918-E06	reference	AG-918-E06_NODE_18	10754	41	AG-918-E06_00982	6714	7184	471	+	1	1	0	1	1
AG-918-E06	reference	AG-918-E06_NODE_19	9966	41	AG-918-E06_00987	11	1390	1380	+	1	1	0	1	1
AG-918-E06	reference	AG-918-E06_NODE_19	9966	41	AG-918-E06_00989	2211	3572	1362	+	1	1	0	1	1
AG-918-E06	reference	AG-918-E06_NODE_19	9966	41	AG-918-E06_00990	3569	5170	1602	+	1	1	0	1	1
AG-918-E06	reference	AG-918-E06_NODE_19	9966	41	AG-918-E06_00991	5171	6031	861	+	1	1	0	1	1
AG-918-E06	reference	AG-918-E06_NODE_19	9966	41	AG-918-E06_00992	6035	6748	714	+	1	1	0	1	1
AG-918-E06	reference	AG-918-E06_NODE_19	9966	41	AG-918-E06_00993	6789	7406	618	+	1	1	0	1	1
AG-918-E06	reference	AG-918-E06_NODE_19	9966	41	AG-918-E06_00996	7970	9817	1848	-	1	1	0	1	1
AG-918-E06	reference	AG-918-E06_NODE_2	85075	41	AG-918-E06_00118	12	821	810	-	1	1	0	1	1
AG-918-E06	reference	AG-918-E06_NODE_2	85075	41	AG-918-E06_00119	814	1707	894	-	1	1	0	1	1
AG-918-E06	reference	AG-918-E06_NODE_2	85075	41	AG-918-E06_00120	1716	1892	177	-	1	1	0	1	1
AG-918-E06	reference	AG-918-E06_NODE_2	85075	41	AG-918-E06_00121	1885	3222	1338	-	1	1	0	1	1
AG-918-E06	reference	AG-918-E06_NODE_2	85075	41	AG-918-E06_00122	3229	4590	1362	-	1	1	0	1	1
AG-918-E06	reference	AG-918-E06_NODE_2	85075	41	AG-918-E06_00123	4580	5167	588	-	1	1	0	1	1
AG-918-E06	reference	AG-918-E06_NODE_2	85075	41	AG-918-E06_00124	5252	6406	1155	-	1	1	0	1	1
AG-918-E06	reference	AG-918-E06_NODE_2	85075	41	AG-918-E06_00125	6525	7478	954	-	1	1	0	1	1
AG-918-E06	reference	AG-918-E06_NODE_2	85075	41	AG-918-E06_00126	7487	8860	1374	-	1	1	0	1	1
AG-918-E06	reference	AG-918-E06_NODE_2	85075	41	AG-918-E06_00127	8904	10067	1164	-	1	1	0	1	1
AG-918-E06	reference	AG-918-E06_NODE_2	85075	41	AG-918-E06_00128	10079	11236	1158	-	1	1	0	1	1
AG-918-E06	reference	AG-918-E06_NODE_2	85075	41	AG-918-E06_00129	11245	12399	1155	-	1	1	0	1	1
AG-918-E06	reference	AG-918-E06_NODE_2	85075	41	AG-918-E06_00130	12409	12927	519	-	1	1	0	1	1
AG-918-E06	reference	AG-918-E06_NODE_2	85075	41	AG-918-E06_00141	19303	20340	1038	+	1	1	0	1	1
AG-918-E06	reference	AG-918-E06_NODE_2	85075	41	AG-918-E06_00144	21502	22677	1176	+	1	1	0	1	1
AG-918-E06	reference	AG-918-E06_NODE_2	85075	41	AG-918-E06_00145	22684	23826	1143	+	1	1	0	1	1
AG-918-E06	reference	AG-918-E06_NODE_2	85075	41	AG-918-E06_00146	23840	24529	690	-	1	1	0	1	1
AG-918-E06	reference	AG-918-E06_NODE_2	85075	41	AG-918-E06_00147	24526	25971	1446	-	1	1	0	1	1
AG-918-E06	reference	AG-918-E06_NODE_2	85075	41	AG-918-E06_00151	28387	29901	1515	-	1	1	0	1	1
AG-918-E06	reference	AG-918-E06_NODE_2	85075	41	AG-918-E06_00152	29903	30619	717	+	1	1	0	1	1
AG-918-E06	reference	AG-918-E06_NODE_2	85075	41	AG-918-E06_00156	33474	34559	1086	-	1	1	0	1	1
AG-918-E06	reference	AG-918-E06_NODE_2	85075	41	AG-918-E06_00161	39290	39700	411	+	1	1	0	1	1
AG-918-E06	reference	AG-918-E06_NODE_2	85075	41	AG-918-E06_00162	39709	41787	2079	+	1	1	0	1	1
AG-918-E06	reference	AG-918-E06_NODE_2	85075	41	AG-918-E06_00163	41784	42410	627	-	1	1	0	1	1
AG-918-E06	reference	AG-918-E06_NODE_2	85075	41	AG-918-E06_00164	42529	42792	264	+	1	1	0	1	1
AG-918-E06	reference	AG-918-E06_NODE_2	85075	41	AG-918-E06_00165	42792	44612	1821	+	1	1	0	1	1
AG-918-E06	reference	AG-918-E06_NODE_2	85075	41	AG-918-E06_00166	44668	45018	351	+	1	1	0	1	1
AG-918-E06	reference	AG-918-E06_NODE_2	85075	41	AG-918-E06_00167	45061	45720	660	+	1	1	0	1	1
AG-918-E06	reference	AG-918-E06_NODE_2	85075	41	AG-918-E06_00174	51207	53273	2067	+	1	1	0	1	1
AG-918-E06	reference	AG-918-E06_NODE_2	85075	41	AG-918-E06_00180	55313	56068	756	-	1	1	0	1	1
AG-918-E06	reference	AG-918-E06_NODE_2	85075	41	AG-918-E06_00181	56061	56777	717	-	1	1	0	1	1
AG-918-E06	reference	AG-918-E06_NODE_2	85075	41	AG-918-E06_00183	57412	58002	591	-	1	1	0	1	1
AG-918-E06	reference	AG-918-E06_NODE_2	85075	41	AG-918-E06_00184	58093	58608	516	+	1	1	0	1	1
AG-918-E06	reference	AG-918-E06_NODE_2	85075	41	AG-918-E06_00185	58608	59972	1365	+	1	1	0	1	1
AG-918-E06	reference	AG-918-E06_NODE_2	85075	41	AG-918-E06_00196	66528	67526	999	+	1	1	0	1	1
AG-918-E06	reference	AG-918-E06_NODE_2	85075	41	AG-918-E06_00198	68019	69290	1272	+	1	1	0	1	1
AG-918-E06	reference	AG-918-E06_NODE_2	85075	41	AG-918-E06_00200	70186	71517	1332	+	1	1	0	1	1
AG-918-E06	reference	AG-918-E06_NODE_2	85075	41	AG-918-E06_00201	71613	73484	1872	+	1	1	0	1	1
AG-918-E06	reference	AG-918-E06_NODE_2	85075	41	AG-918-E06_00208	79746	80318	573	-	1	1	0	1	1
AG-918-E06	reference	AG-918-E06_NODE_2	85075	41	AG-918-E06_00215	84027	84503	477	-	1	1	0	1	1
AG-918-E06	reference	AG-918-E06_NODE_2	85075	41	AG-918-E06_00216	84503	84895	393	-	1	1	0	1	1
AG-918-E06	reference	AG-918-E06_NODE_20	7786	41	AG-918-E06_01000	4568	6097	1530	+	1	1	0	1	1
AG-918-E06	reference	AG-918-E06_NODE_21	6714	41	AG-918-E06_01003	710	1522	813	-	1	1	0	1	1
AG-918-E06	reference	AG-918-E06_NODE_21	6714	41	AG-918-E06_01004	1683	3041	1359	+	1	1	0	1	1
AG-918-E06	reference	AG-918-E06_NODE_21	6714	41	AG-918-E06_01005	3055	3558	504	+	1	1	0	1	1
AG-918-E06	reference	AG-918-E06_NODE_21	6714	41	AG-918-E06_01006	3558	4244	687	+	1	1	0	1	1
AG-918-E06	reference	AG-918-E06_NODE_21	6714	41	AG-918-E06_01007	4261	4785	525	+	1	1	0	1	1
AG-918-E06	reference	AG-918-E06_NODE_21	6714	41	AG-918-E06_01008	4802	6205	1404	+	1	1	0	1	1
AG-918-E06	reference	AG-918-E06_NODE_22	6633	41	AG-918-E06_01012	3096	3950	855	+	1	1	0	1	1
AG-918-E06	reference	AG-918-E06_NODE_22	6633	41	AG-918-E06_01013	4380	4649	270	-	1	1	0	1	1
AG-918-E06	reference	AG-918-E06_NODE_22	6633	41	AG-918-E06_01014	4990	5943	954	+	1	1	0	1	1
AG-918-E06	reference	AG-918-E06_NODE_23	5408	41	AG-918-E06_01022	73	465	393	+	1	1	0	1	1
AG-918-E06	reference	AG-918-E06_NODE_23	5408	41	AG-918-E06_01023	1195	2070	876	-	1	1	0	1	1
AG-918-E06	reference	AG-918-E06_NODE_24	5427	41	AG-918-E06_01017	1414	2712	1299	-	1	1	0	1	1
AG-918-E06	reference	AG-918-E06_NODE_25	4831	41	AG-918-E06_01030	1451	3373	1923	+	1	1	0	1	1
AG-918-E06	reference	AG-918-E06_NODE_25	4831	41	AG-918-E06_01031	3402	4526	1125	+	1	1	0	1	1
AG-918-E06	reference	AG-918-E06_NODE_26	3835	41	AG-918-E06_01034	677	1687	1011	-	1	1	0	1	1
AG-918-E06	reference	AG-918-E06_NODE_26	3835	41	AG-918-E06_01035	1678	3618	1941	-	1	1	0	1	1
AG-918-E06	reference	AG-918-E06_NODE_3	82861	41	AG-918-E06_00217	342	1475	1134	+	1	1	0	1	1
AG-918-E06	reference	AG-918-E06_NODE_3	82861	41	AG-918-E06_00218	1478	2275	798	-	1	1	0	1	1
AG-918-E06	reference	AG-918-E06_NODE_3	82861	41	AG-918-E06_00219	2357	3454	1098	+	1	1	0	1	1
AG-918-E06	reference	AG-918-E06_NODE_3	82861	41	AG-918-E06_00220	3456	4325	870	+	1	1	0	1	1
AG-918-E06	reference	AG-918-E06_NODE_3	82861	41	AG-918-E06_00221	4330	4518	189	+	1	1	0	1	1
AG-918-E06	reference	AG-918-E06_NODE_3	82861	41	AG-918-E06_00222	4515	5921	1407	+	1	1	0	1	1
AG-918-E06	reference	AG-918-E06_NODE_3	82861	41	AG-918-E06_00223	5923	6831	909	+	1	1	0	1	1
AG-918-E06	reference	AG-918-E06_NODE_3	82861	41	AG-918-E06_00226	9747	11513	1767	+	1	1	0	1	1
AG-918-E06	reference	AG-918-E06_NODE_3	82861	41	AG-918-E06_00227	11513	12061	549	+	1	1	0	1	1
AG-918-E06	reference	AG-918-E06_NODE_3	82861	41	AG-918-E06_00228	12074	13096	1023	+	1	1	0	1	1
AG-918-E06	reference	AG-918-E06_NODE_3	82861	41	AG-918-E06_00235	20309	21553	1245	+	1	1	0	1	1
AG-918-E06	reference	AG-918-E06_NODE_3	82861	41	AG-918-E06_00236	21562	22455	894	+	1	1	0	1	1
AG-918-E06	reference	AG-918-E06_NODE_3	82861	41	AG-918-E06_00237	22452	23345	894	+	1	1	0	1	1
AG-918-E06	reference	AG-918-E06_NODE_3	82861	41	AG-918-E06_00238	23342	23716	375	+	1	1	0	1	1
AG-918-E06	reference	AG-918-E06_NODE_3	82861	41	AG-918-E06_00239	23713	24054	342	+	1	1	0	1	1
AG-918-E06	reference	AG-918-E06_NODE_3	82861	41	AG-918-E06_00240	24046	24300	255	-	1	1	0	1	1
AG-918-E06	reference	AG-918-E06_NODE_3	82861	41	AG-918-E06_00241	24304	24597	294	-	1	1	0	1	1
AG-918-E06	reference	AG-918-E06_NODE_3	82861	41	AG-918-E06_00244	26151	26786	636	+	1	1	0	1	1
AG-918-E06	reference	AG-918-E06_NODE_3	82861	41	AG-918-E06_00245	26787	27479	693	-	1	1	0	1	1
AG-918-E06	reference	AG-918-E06_NODE_3	82861	41	AG-918-E06_00246	27489	28115	627	-	1	1	0	1	1
AG-918-E06	reference	AG-918-E06_NODE_3	82861	41	AG-918-E06_00247	28231	29199	969	+	1	1	0	1	1
AG-918-E06	reference	AG-918-E06_NODE_3	82861	41	AG-918-E06_00248	29246	29731	486	+	1	1	0	1	1
AG-918-E06	reference	AG-918-E06_NODE_3	82861	41	AG-918-E06_00249	29724	31034	1311	+	1	1	0	1	1
AG-918-E06	reference	AG-918-E06_NODE_3	82861	41	AG-918-E06_00259	39152	40267	1116	+	1	1	0	1	1
AG-918-E06	reference	AG-918-E06_NODE_3	82861	41	AG-918-E06_00261	41594	42448	855	+	1	1	0	1	1
AG-918-E06	reference	AG-918-E06_NODE_3	82861	41	AG-918-E06_00262	42456	44678	2223	+	1	1	0	1	1
AG-918-E06	reference	AG-918-E06_NODE_3	82861	41	AG-918-E06_00265	46116	47072	957	+	1	1	0	1	1
AG-918-E06	reference	AG-918-E06_NODE_3	82861	41	AG-918-E06_00266	47096	48526	1431	+	1	1	0	1	1
AG-918-E06	reference	AG-918-E06_NODE_3	82861	41	AG-918-E06_00267	48527	49717	1191	-	1	1	0	1	1
AG-918-E06	reference	AG-918-E06_NODE_3	82861	41	AG-918-E06_00268	49745	50086	342	+	1	1	0	1	1
AG-918-E06	reference	AG-918-E06_NODE_3	82861	41	AG-918-E06_00269	50170	52839	2670	+	1	1	0	1	1
AG-918-E06	reference	AG-918-E06_NODE_3	82861	41	AG-918-E06_00273	55189	55608	420	+	1	1	0	1	1
AG-918-E06	reference	AG-918-E06_NODE_3	82861	41	AG-918-E06_00274	55605	57023	1419	-	1	1	0	1	1
AG-918-E06	reference	AG-918-E06_NODE_3	82861	41	AG-918-E06_00275	57016	58161	1146	-	1	1	0	1	1
AG-918-E06	reference	AG-918-E06_NODE_3	82861	41	AG-918-E06_00276	58296	58847	552	+	1	1	0	1	1
AG-918-E06	reference	AG-918-E06_NODE_3	82861	41	AG-918-E06_00277	59043	59612	570	+	1	1	0	1	1
AG-918-E06	reference	AG-918-E06_NODE_3	82861	41	AG-918-E06_00278	59630	61192	1563	+	1	1	0	1	1
AG-918-E06	reference	AG-918-E06_NODE_3	82861	41	AG-918-E06_00279	61336	62364	1029	+	1	1	0	1	1
AG-918-E06	reference	AG-918-E06_NODE_3	82861	41	AG-918-E06_00280	62386	63180	795	+	1	1	0	1	1
AG-918-E06	reference	AG-918-E06_NODE_3	82861	41	AG-918-E06_00281	63170	64426	1257	+	1	1	0	1	1
AG-918-E06	reference	AG-918-E06_NODE_3	82861	41	AG-918-E06_00282	64429	65364	936	+	1	1	0	1	1
AG-918-E06	reference	AG-918-E06_NODE_3	82861	41	AG-918-E06_00283	65356	67044	1689	-	1	1	0	1	1
AG-918-E06	reference	AG-918-E06_NODE_3	82861	41	AG-918-E06_00284	67139	68248	1110	+	1	1	0	1	1
AG-918-E06	reference	AG-918-E06_NODE_3	82861	41	AG-918-E06_00285	68261	68716	456	-	1	1	0	1	1
AG-918-E06	reference	AG-918-E06_NODE_3	82861	41	AG-918-E06_00286	68762	69802	1041	-	1	1	0	1	1
AG-918-E06	reference	AG-918-E06_NODE_3	82861	41	AG-918-E06_00288	70850	71341	492	-	1	1	0	1	1
AG-918-E06	reference	AG-918-E06_NODE_3	82861	41	AG-918-E06_00290	71575	72120	546	-	1	1	0	1	1
AG-918-E06	reference	AG-918-E06_NODE_3	82861	41	AG-918-E06_00291	72248	73660	1413	-	1	1	0	1	1
AG-918-E06	reference	AG-918-E06_NODE_3	82861	41	AG-918-E06_00292	73653	74381	729	-	1	1	0	1	1
AG-918-E06	reference	AG-918-E06_NODE_3	82861	41	AG-918-E06_00293	74511	74921	411	+	1	1	0	1	1
AG-918-E06	reference	AG-918-E06_NODE_3	82861	41	AG-918-E06_00294	74934	77114	2181	+	1	1	0	1	1
AG-918-E06	reference	AG-918-E06_NODE_3	82861	41	AG-918-E06_00295	77155	77529	375	+	1	1	0	1	1
AG-918-E06	reference	AG-918-E06_NODE_3	82861	41	AG-918-E06_00296	77532	78305	774	+	1	1	0	1	1
AG-918-E06	reference	AG-918-E06_NODE_3	82861	41	AG-918-E06_00297	78305	78766	462	+	1	1	0	1	1
AG-918-E06	reference	AG-918-E06_NODE_3	82861	41	AG-918-E06_00298	78779	79351	573	+	1	1	0	1	1
AG-918-E06	reference	AG-918-E06_NODE_3	82861	41	AG-918-E06_00299	79348	79917	570	+	1	1	0	1	1
AG-918-E06	reference	AG-918-E06_NODE_3	82861	41	AG-918-E06_00300	79919	80389	471	-	1	1	0	1	1
AG-918-E06	reference	AG-918-E06_NODE_3	82861	41	AG-918-E06_00301	80430	80900	471	+	1	1	0	1	1
AG-918-E06	reference	AG-918-E06_NODE_3	82861	41	AG-918-E06_00303	81192	81395	204	+	1	1	0	1	1
AG-918-E06	reference	AG-918-E06_NODE_30	3146	41	AG-918-E06_01044	14	2266	2253	+	1	1	0	1	1
AG-918-E06	reference	AG-918-E06_NODE_30	3146	41	AG-918-E06_01045	2263	2859	597	-	1	1	0	1	1
AG-918-E06	reference	AG-918-E06_NODE_30	3146	41	AG-918-E06_01046	2874	3017	144	-	1	1	0	1	1
AG-918-E06	reference	AG-918-E06_NODE_32	3031	41	AG-918-E06_01048	633	2291	1659	+	1	1	0	1	1
AG-918-E06	reference	AG-918-E06_NODE_33	2918	41	AG-918-E06_01050	163	1467	1305	-	1	1	0	1	1
AG-918-E06	reference	AG-918-E06_NODE_33	2918	41	AG-918-E06_01051	1512	2405	894	+	1	1	0	1	1
AG-918-E06	reference	AG-918-E06_NODE_34	2886	41	AG-918-E06_01055	998	1810	813	-	1	1	0	1	1
AG-918-E06	reference	AG-918-E06_NODE_34	2886	41	AG-918-E06_01056	1795	2562	768	-	1	1	0	1	1
AG-918-E06	reference	AG-918-E06_NODE_34	2886	41	AG-918-E06_01057	2562	2822	261	-	1	1	0	1	1
AG-918-E06	reference	AG-918-E06_NODE_35	2513	41	AG-918-E06_01058	24	242	219	+	1	1	0	1	1
AG-918-E06	reference	AG-918-E06_NODE_35	2513	41	AG-918-E06_01059	247	1077	831	+	1	1	0	1	1
AG-918-E06	reference	AG-918-E06_NODE_35	2513	41	AG-918-E06_01060	1067	2506	1440	-	1	1	0	1	1
AG-918-E06	reference	AG-918-E06_NODE_37	2151	41	AG-918-E06_01064	1394	2041	648	-	1	1	0	1	1
AG-918-E06	reference	AG-918-E06_NODE_4	74337	41	AG-918-E06_00306	2078	3238	1161	-	1	1	0	1	1
AG-918-E06	reference	AG-918-E06_NODE_4	74337	41	AG-918-E06_00311	6029	6286	258	-	1	1	0	1	1
AG-918-E06	reference	AG-918-E06_NODE_4	74337	41	AG-918-E06_00319	12194	14737	2544	-	1	1	0	1	1
AG-918-E06	reference	AG-918-E06_NODE_4	74337	41	AG-918-E06_00320	14743	15186	444	-	1	1	0	1	1
AG-918-E06	reference	AG-918-E06_NODE_4	74337	41	AG-918-E06_00321	15261	18137	2877	+	1	1	0	1	1
AG-918-E06	reference	AG-918-E06_NODE_4	74337	41	AG-918-E06_00330	24073	24768	696	-	1	1	0	1	1
AG-918-E06	reference	AG-918-E06_NODE_4	74337	41	AG-918-E06_00337	29899	30675	777	+	1	1	0	1	1
AG-918-E06	reference	AG-918-E06_NODE_4	74337	41	AG-918-E06_00338	30682	31677	996	-	1	1	0	1	1
AG-918-E06	reference	AG-918-E06_NODE_4	74337	41	AG-918-E06_00339	31751	32500	750	+	1	1	0	1	1
AG-918-E06	reference	AG-918-E06_NODE_4	74337	41	AG-918-E06_00359	49189	50010	822	-	1	1	0	1	1
AG-918-E06	reference	AG-918-E06_NODE_4	74337	41	AG-918-E06_00360	50094	50984	891	+	1	1	0	1	1
AG-918-E06	reference	AG-918-E06_NODE_4	74337	41	AG-918-E06_00361	50987	52189	1203	-	1	1	0	1	1
AG-918-E06	reference	AG-918-E06_NODE_4	74337	41	AG-918-E06_00362	52189	53904	1716	-	1	1	0	1	1
AG-918-E06	reference	AG-918-E06_NODE_4	74337	41	AG-918-E06_00363	53904	56525	2622	-	1	1	0	1	1
AG-918-E06	reference	AG-918-E06_NODE_4	74337	41	AG-918-E06_00366	56847	57218	372	-	1	1	0	1	1
AG-918-E06	reference	AG-918-E06_NODE_4	74337	41	AG-918-E06_00367	57367	58101	735	-	1	1	0	1	1
AG-918-E06	reference	AG-918-E06_NODE_4	74337	41	AG-918-E06_00368	58102	59370	1269	-	1	1	0	1	1
AG-918-E06	reference	AG-918-E06_NODE_4	74337	41	AG-918-E06_00369	59372	60427	1056	-	1	1	0	1	1
AG-918-E06	reference	AG-918-E06_NODE_4	74337	41	AG-918-E06_00370	60586	61623	1038	-	1	1	0	1	1
AG-918-E06	reference	AG-918-E06_NODE_4	74337	41	AG-918-E06_00374	64676	66028	1353	-	1	1	0	1	1
AG-918-E06	reference	AG-918-E06_NODE_4	74337	41	AG-918-E06_00382	71535	72791	1257	-	1	1	0	1	1
AG-918-E06	reference	AG-918-E06_NODE_4	74337	41	AG-918-E06_00383	72799	73623	825	-	1	1	0	1	1
AG-918-E06	reference	AG-918-E06_NODE_41	2118	41	AG-918-E06_01070	648	1103	456	+	1	1	0	1	1
AG-918-E06	reference	AG-918-E06_NODE_5	66963	41	AG-918-E06_00385	429	1199	771	-	1	1	0	1	1
AG-918-E06	reference	AG-918-E06_NODE_5	66963	41	AG-918-E06_00386	1192	1878	687	-	1	1	0	1	1
AG-918-E06	reference	AG-918-E06_NODE_5	66963	41	AG-918-E06_00387	1901	2644	744	+	1	1	0	1	1
AG-918-E06	reference	AG-918-E06_NODE_5	66963	41	AG-918-E06_00388	2651	3055	405	+	1	1	0	1	1
AG-918-E06	reference	AG-918-E06_NODE_5	66963	41	AG-918-E06_00389	3056	3742	687	+	1	1	0	1	1
AG-918-E06	reference	AG-918-E06_NODE_5	66963	41	AG-918-E06_00390	3739	4050	312	+	1	1	0	1	1
AG-918-E06	reference	AG-918-E06_NODE_5	66963	41	AG-918-E06_00391	4047	5780	1734	-	1	1	0	1	1
AG-918-E06	reference	AG-918-E06_NODE_5	66963	41	AG-918-E06_00392	5780	7000	1221	-	1	1	0	1	1
AG-918-E06	reference	AG-918-E06_NODE_5	66963	41	AG-918-E06_00393	7018	7818	801	-	1	1	0	1	1
AG-918-E06	reference	AG-918-E06_NODE_5	66963	41	AG-918-E06_00395	9382	10107	726	+	1	1	0	1	1
AG-918-E06	reference	AG-918-E06_NODE_5	66963	41	AG-918-E06_00407	16440	17630	1191	+	1	1	0	1	1
AG-918-E06	reference	AG-918-E06_NODE_5	66963	41	AG-918-E06_00413	19571	20080	510	+	1	1	0	1	1
AG-918-E06	reference	AG-918-E06_NODE_5	66963	41	AG-918-E06_00414	20093	20467	375	+	1	1	0	1	1
AG-918-E06	reference	AG-918-E06_NODE_5	66963	41	AG-918-E06_00415	20517	24599	4083	+	1	1	0	1	1
AG-918-E06	reference	AG-918-E06_NODE_5	66963	41	AG-918-E06_00417	24910	29079	4170	+	1	1	0	1	1
AG-918-E06	reference	AG-918-E06_NODE_5	66963	41	AG-918-E06_00420	30084	32162	2079	+	1	1	0	1	1
AG-918-E06	reference	AG-918-E06_NODE_5	66963	41	AG-918-E06_00452	49653	50951	1299	+	1	1	0	1	1
AG-918-E06	reference	AG-918-E06_NODE_5	66963	41	AG-918-E06_00453	50952	51413	462	-	1	1	0	1	1
AG-918-E06	reference	AG-918-E06_NODE_5	66963	41	AG-918-E06_00454	51410	53995	2586	-	1	1	0	1	1
AG-918-E06	reference	AG-918-E06_NODE_5	66963	41	AG-918-E06_00455	54032	54619	588	-	1	1	0	1	1
AG-918-E06	reference	AG-918-E06_NODE_5	66963	41	AG-918-E06_00456	54613	55902	1290	-	1	1	0	1	1
AG-918-E06	reference	AG-918-E06_NODE_5	66963	41	AG-918-E06_00457	55899	56837	939	-	1	1	0	1	1
AG-918-E06	reference	AG-918-E06_NODE_5	66963	41	AG-918-E06_00458	56879	57334	456	-	1	1	0	1	1
AG-918-E06	reference	AG-918-E06_NODE_5	66963	41	AG-918-E06_00459	57380	57667	288	+	1	1	0	1	1
AG-918-E06	reference	AG-918-E06_NODE_5	66963	41	AG-918-E06_00460	57664	59124	1461	+	1	1	0	1	1
AG-918-E06	reference	AG-918-E06_NODE_5	66963	41	AG-918-E06_00461	59121	60587	1467	+	1	1	0	1	1
AG-918-E06	reference	AG-918-E06_NODE_5	66963	41	AG-918-E06_00468	65658	66962	1305	-	1	1	0	1	1
AG-918-E06	reference	AG-918-E06_NODE_6	63399	41	AG-918-E06_00469	203	2215	2013	+	1	1	0	1	1
AG-918-E06	reference	AG-918-E06_NODE_6	63399	41	AG-918-E06_00470	2199	2687	489	+	1	1	0	1	1
AG-918-E06	reference	AG-918-E06_NODE_6	63399	41	AG-918-E06_00481	10965	11834	870	-	1	1	0	1	1
AG-918-E06	reference	AG-918-E06_NODE_6	63399	41	AG-918-E06_00483	12284	13255	972	-	1	1	0	1	1
AG-918-E06	reference	AG-918-E06_NODE_6	63399	41	AG-918-E06_00484	13255	14085	831	-	1	1	0	1	1
AG-918-E06	reference	AG-918-E06_NODE_6	63399	41	AG-918-E06_00485	14090	14476	387	-	1	1	0	1	1
AG-918-E06	reference	AG-918-E06_NODE_6	63399	41	AG-918-E06_00486	14480	14716	237	-	1	1	0	1	1
AG-918-E06	reference	AG-918-E06_NODE_6	63399	41	AG-918-E06_00487	14720	15382	663	-	1	1	0	1	1
AG-918-E06	reference	AG-918-E06_NODE_6	63399	41	AG-918-E06_00488	15403	16110	708	+	1	1	0	1	1
AG-918-E06	reference	AG-918-E06_NODE_6	63399	41	AG-918-E06_00489	16170	16988	819	+	1	1	0	1	1
AG-918-E06	reference	AG-918-E06_NODE_6	63399	41	AG-918-E06_00490	16993	18624	1632	+	1	1	0	1	1
AG-918-E06	reference	AG-918-E06_NODE_6	63399	41	AG-918-E06_00491	18640	19551	912	+	1	1	0	1	1
AG-918-E06	reference	AG-918-E06_NODE_6	63399	41	AG-918-E06_00492	19548	19673	126	+	1	1	0	1	1
AG-918-E06	reference	AG-918-E06_NODE_6	63399	41	AG-918-E06_00493	19670	20218	549	+	1	1	0	1	1
AG-918-E06	reference	AG-918-E06_NODE_6	63399	41	AG-918-E06_00494	20219	21010	792	+	1	1	0	1	1
AG-918-E06	reference	AG-918-E06_NODE_6	63399	41	AG-918-E06_00495	21017	21673	657	+	1	1	0	1	1
AG-918-E06	reference	AG-918-E06_NODE_6	63399	41	AG-918-E06_00496	21673	23058	1386	+	1	1	0	1	1
AG-918-E06	reference	AG-918-E06_NODE_6	63399	41	AG-918-E06_00497	23042	23527	486	+	1	1	0	1	1
AG-918-E06	reference	AG-918-E06_NODE_6	63399	41	AG-918-E06_00498	23522	23944	423	-	1	1	0	1	1
AG-918-E06	reference	AG-918-E06_NODE_6	63399	41	AG-918-E06_00499	23944	24915	972	-	1	1	0	1	1
AG-918-E06	reference	AG-918-E06_NODE_6	63399	41	AG-918-E06_00500	24915	25859	945	-	1	1	0	1	1
AG-918-E06	reference	AG-918-E06_NODE_6	63399	41	AG-918-E06_00501	25846	26745	900	-	1	1	0	1	1
AG-918-E06	reference	AG-918-E06_NODE_6	63399	41	AG-918-E06_00502	26750	27814	1065	-	1	1	0	1	1
AG-918-E06	reference	AG-918-E06_NODE_6	63399	41	AG-918-E06_00503	27801	28649	849	-	1	1	0	1	1
AG-918-E06	reference	AG-918-E06_NODE_6	63399	41	AG-918-E06_00504	28649	30106	1458	-	1	1	0	1	1
AG-918-E06	reference	AG-918-E06_NODE_6	63399	41	AG-918-E06_00507	31232	31459	228	-	1	1	0	1	1
AG-918-E06	reference	AG-918-E06_NODE_6	63399	41	AG-918-E06_00508	31473	32207	735	-	1	1	0	1	1
AG-918-E06	reference	AG-918-E06_NODE_6	63399	41	AG-918-E06_00509	32213	32482	270	-	1	1	0	1	1
AG-918-E06	reference	AG-918-E06_NODE_6	63399	41	AG-918-E06_00525	46248	46760	513	+	1	1	0	1	1
AG-918-E06	reference	AG-918-E06_NODE_6	63399	41	AG-918-E06_00539	57488	58372	885	+	1	1	0	1	1
AG-918-E06	reference	AG-918-E06_NODE_6	63399	41	AG-918-E06_00541	58951	60786	1836	-	1	1	0	1	1
AG-918-E06	reference	AG-918-E06_NODE_6	63399	41	AG-918-E06_00542	60773	61198	426	-	1	1	0	1	1
AG-918-E06	reference	AG-918-E06_NODE_6	63399	41	AG-918-E06_00543	61195	61950	756	-	1	1	0	1	1
AG-918-E06	reference	AG-918-E06_NODE_6	63399	41	AG-918-E06_00544	61932	63269	1338	-	1	1	0	1	1
AG-918-E06	reference	AG-918-E06_NODE_7	61477	41	AG-918-E06_00545	86	970	885	+	1	1	0	1	1
AG-918-E06	reference	AG-918-E06_NODE_7	61477	41	AG-918-E06_00546	1006	1689	684	+	1	1	0	1	1
AG-918-E06	reference	AG-918-E06_NODE_7	61477	41	AG-918-E06_00547	1788	3218	1431	+	1	1	0	1	1
AG-918-E06	reference	AG-918-E06_NODE_7	61477	41	AG-918-E06_00548	3285	3602	318	+	1	1	0	1	1
AG-918-E06	reference	AG-918-E06_NODE_7	61477	41	AG-918-E06_00549	3599	4864	1266	-	1	1	0	1	1
AG-918-E06	reference	AG-918-E06_NODE_7	61477	41	AG-918-E06_00556	9345	11072	1728	-	1	1	0	1	1
AG-918-E06	reference	AG-918-E06_NODE_8	60291	41	AG-918-E06_00611	2611	4704	2094	-	1	1	0	1	1
AG-918-E06	reference	AG-918-E06_NODE_8	60291	41	AG-918-E06_00620	11635	13443	1809	-	1	1	0	1	1
AG-918-E06	reference	AG-918-E06_NODE_8	60291	41	AG-918-E06_00621	13444	15816	2373	-	1	1	0	1	1
AG-918-E06	reference	AG-918-E06_NODE_8	60291	41	AG-918-E06_00622	15813	16880	1068	-	1	1	0	1	1
AG-918-E06	reference	AG-918-E06_NODE_8	60291	41	AG-918-E06_00623	16924	17280	357	-	1	1	0	1	1
AG-918-E06	reference	AG-918-E06_NODE_8	60291	41	AG-918-E06_00625	17539	18084	546	-	1	1	0	1	1
AG-918-E06	reference	AG-918-E06_NODE_8	60291	41	AG-918-E06_00626	18085	20001	1917	-	1	1	0	1	1
AG-918-E06	reference	AG-918-E06_NODE_8	60291	41	AG-918-E06_00627	19994	21151	1158	-	1	1	0	1	1
AG-918-E06	reference	AG-918-E06_NODE_8	60291	41	AG-918-E06_00629	21928	22779	852	-	1	1	0	1	1
AG-918-E06	reference	AG-918-E06_NODE_8	60291	41	AG-918-E06_00630	22787	27283	4497	-	1	1	0	1	1
AG-918-E06	reference	AG-918-E06_NODE_8	60291	41	AG-918-E06_00631	27280	28719	1440	-	1	1	0	1	1
AG-918-E06	reference	AG-918-E06_NODE_8	60291	41	AG-918-E06_00632	28890	29657	768	+	1	1	0	1	1
AG-918-E06	reference	AG-918-E06_NODE_8	60291	41	AG-918-E06_00633	29644	30540	897	-	1	1	0	1	1
AG-918-E06	reference	AG-918-E06_NODE_8	60291	41	AG-918-E06_00634	30545	31441	897	-	1	1	0	1	1
AG-918-E06	reference	AG-918-E06_NODE_8	60291	41	AG-918-E06_00635	31444	34524	3081	-	1	1	0	1	1
AG-918-E06	reference	AG-918-E06_NODE_8	60291	41	AG-918-E06_00636	34706	35812	1107	-	1	1	0	1	1
AG-918-E06	reference	AG-918-E06_NODE_8	60291	41	AG-918-E06_00638	36048	36449	402	+	1	1	0	1	1
AG-918-E06	reference	AG-918-E06_NODE_8	60291	41	AG-918-E06_00639	36446	37144	699	+	1	1	0	1	1
AG-918-E06	reference	AG-918-E06_NODE_8	60291	41	AG-918-E06_00640	37278	39758	2481	+	1	1	0	1	1
AG-918-E06	reference	AG-918-E06_NODE_8	60291	41	AG-918-E06_00642	40177	40503	327	+	1	1	0	1	1
AG-918-E06	reference	AG-918-E06_NODE_8	60291	41	AG-918-E06_00647	43491	44114	624	+	1	1	0	1	1
AG-918-E06	reference	AG-918-E06_NODE_8	60291	41	AG-918-E06_00649	44580	45113	534	+	1	1	0	1	1
AG-918-E06	reference	AG-918-E06_NODE_8	60291	41	AG-918-E06_00650	45114	45680	567	-	1	1	0	1	1
AG-918-E06	reference	AG-918-E06_NODE_8	60291	41	AG-918-E06_00653	46643	47170	528	-	1	1	0	1	1
AG-918-E06	reference	AG-918-E06_NODE_8	60291	41	AG-918-E06_00654	47194	48588	1395	+	1	1	0	1	1
AG-918-E06	reference	AG-918-E06_NODE_8	60291	41	AG-918-E06_00659	51725	52702	978	-	1	1	0	1	1
AG-918-E06	reference	AG-918-E06_NODE_8	60291	41	AG-918-E06_00662	53678	54532	855	-	1	1	0	1	1
AG-918-E06	reference	AG-918-E06_NODE_8	60291	41	AG-918-E06_00663	54568	55272	705	+	1	1	0	1	1
AG-918-E06	reference	AG-918-E06_NODE_8	60291	41	AG-918-E06_00664	55269	56828	1560	+	1	1	0	1	1
AG-918-E06	reference	AG-918-E06_NODE_8	60291	41	AG-918-E06_00665	56835	58043	1209	+	1	1	0	1	1
AG-918-E06	reference	AG-918-E06_NODE_8	60291	41	AG-918-E06_00669	59642	59887	246	-	1	1	0	1	1
AG-918-E06	reference	AG-918-E06_NODE_9	42828	41	AG-918-E06_00670	244	816	573	-	1	1	0	1	1
AG-918-E06	reference	AG-918-E06_NODE_9	42828	41	AG-918-E06_00671	973	2151	1179	+	1	1	0	1	1
AG-918-E06	reference	AG-918-E06_NODE_9	42828	41	AG-918-E06_00672	2158	3195	1038	+	1	1	0	1	1
AG-918-E06	reference	AG-918-E06_NODE_9	42828	41	AG-918-E06_00677	5982	7550	1569	-	1	1	0	1	1
AG-918-E06	reference	AG-918-E06_NODE_9	42828	41	AG-918-E06_00685	16037	16633	597	+	1	1	0	1	1
AG-918-E06	reference	AG-918-E06_NODE_9	42828	41	AG-918-E06_00686	16630	17346	717	+	1	1	0	1	1
AG-918-E06	reference	AG-918-E06_NODE_9	42828	41	AG-918-E06_00691	20195	21445	1251	+	1	1	0	1	1
AG-918-E06	reference	AG-918-E06_NODE_9	42828	41	AG-918-E06_00697	24337	25758	1422	-	1	1	0	1	1
AG-918-E06	reference	AG-918-E06_NODE_9	42828	41	AG-918-E06_00698	25760	26638	879	-	1	1	0	1	1
AG-918-E06	reference	AG-918-E06_NODE_9	42828	41	AG-918-E06_00699	26631	28169	1539	-	1	1	0	1	1
AG-918-E06	reference	AG-918-E06_NODE_9	42828	41	AG-918-E06_00700	28170	28700	531	-	1	1	0	1	1
AG-918-E06	reference	AG-918-E06_NODE_9	42828	41	AG-918-E06_00701	28816	30774	1959	-	1	1	0	1	1
AG-918-E06	reference	AG-918-E06_NODE_9	42828	41	AG-918-E06_00702	30794	32194	1401	-	1	1	0	1	1
AG-918-E06	reference	AG-918-E06_NODE_9	42828	41	AG-918-E06_00703	32199	33533	1335	-	1	1	0	1	1
AG-918-E06	reference	AG-918-E06_NODE_9	42828	41	AG-918-E06_00704	33534	36401	2868	-	1	1	0	1	1
AG-918-E06	reference	AG-918-E06_NODE_9	42828	41	AG-918-E06_00705	36437	37312	876	-	1	1	0	1	1
AG-918-E06	reference	AG-918-E06_NODE_9	42828	41	AG-918-E06_00706	37312	38472	1161	-	1	1	0	1	1
AG-918-E06	reference	AG-918-E06_NODE_9	42828	41	AG-918-E06_00707	38472	39431	960	-	1	1	0	1	1
AG-918-E06	reference	AG-918-E06_NODE_9	42828	41	AG-918-E06_00708	39441	40934	1494	-	1	1	0	1	1
AG-918-E06	reference	AG-918-E06_NODE_9	42828	41	AG-918-E06_00709	40959	41732	774	-	1	1	0	1	1
AG-918-E06	reference	AG-918-E06_NODE_9	42828	41	AG-918-E06_00710	41732	42796	1065	-	1	1	0	1	1
